ID,Experience_Years,Age,Gender,Salary,Type
1,5,28,Female,250000,Employee
2,1,21,Male,50000,Employee
3,3,23,Female,170000,Employee
4,2,22,Male,25000,Employee
5,1,17,Male,10000,Employee
6,25,62,Male,5001000,Employee
7,19,54,Female,800000,Employee
8,2,21,Female,9000,Employee
9,10,36,Female,61500,Employee
10,15,54,Female,650000,Employee
11,4,26,Female,250000,Employee
12,6,29,Male,1400000,Employee
13,14,39,Male,6000050,Employee
14,11,40,Male,220100,Employee
15,2,23,Male,7500,Employee
16,4,27,Female,87000,Employee
17,10,34,Female,930000,Employee
18,15,54,Female,7900000,Employee
19,2,21,Male,15000,Employee
20,10,36,Male,330000,Employee
21,15,54,Male,6570000,Employee
22,4,26,Male,25000,Employee
23,5,29,Male,6845000,Employee
24,1,21,Female,6000,Employee
25,4,23,Female,8900,Employee
26,3,22,Female,20000,Employee
27,1,18,Male,3000,Employee
28,27,62,Female,10000000,CEO
29,19,54,Female,5000000,Employee
30,2,21,Female,6100,Employee
31,10,34,Male,80000,Employee
32,15,54,Male,900000,Employee
33,20,55,Female,1540000,Employee
34,19,53,Female,9300000,Employee
35,16,49,Male,7600000,Employee
36,2,21,Female,9000,Employee
37,10,36,Female,61500,Employee
38,15,54,Female,650000,Employee
39,4,26,Female,250000,Employee
40,6,29,Male,1400000,Employee
41,14,39,Male,6000050,Employee
42,11,40,Male,220100,Employee
43,2,23,Male,7500,Employee
44,4,27,Female,87000,Employee
45,10,34,Female,930000,Employee
46,15,54,Female,7900000,Employee
47,2,21,Male,15000,Employee
48,10,36,Male,330000,Employee
49,15,54,Male,6570000,Employee
50,4,26,Male,25000,Employee
51,5,29,Male,6845000,Employee
52,1,21,Female,6000,Employee
53,4,23,Female,8900,Employee
54,3,22,Female,20000,Employee
55,1,18,Male,3000,Employee
56,3,22,Female,20000,Employee
57,1,18,Male,3000,Employee
58,3,22,Female,20000,Employee
59,1,18,Male,3000,Employee
